{"stat.walkOneCm":123609,"stat.pickup.minecraft.wooden_slab":1,"stat.pickup.minecraft.stick":2,"stat.drop.minecraft.wooden_pickaxe":1,"stat.leaveGame":4,"stat.craftItem.minecraft.crafting_table":2,"stat.pickup.securitycraft.sentry":3,"stat.useItem.securitycraft.sentry":3,"stat.pickup.harvestcraft.chilipepperitem":1,"stat.jump":346,"stat.swimOneCm":1165,"stat.mineBlock.harvestcraft.windygarden":1,"stat.crouchOneCm":5704,"stat.pickup.fairylights.hanging_lights":11,"stat.sprintOneCm":44471,"stat.mineBlock.harvestcraft.pamcinnamon":2,"stat.useItem.minecraft.stone_slab2":954,"stat.pickup.harvestcraft.bellpepperitem":1,"stat.craftItem.minecraft.stick":4,"stat.craftingTableInteraction":4,"stat.useItem.fairylights.hanging_lights":64,"stat.craftItem.minecraft.planks":24,"stat.useItem.minecraft.wheat_seeds":7,"stat.mineBlock.minecraft.log2":6,"stat.pickup.minecraft.wooden_pickaxe":1,"stat.pickup.minecraft.log2":6,"stat.pickup.minecraft.planks":4,"stat.useItem.carryon.entity_item":4,"stat.flyOneCm":347114,"stat.drop":1,"stat.pickup.minecraft.wheat_seeds":2,"stat.mineBlock.minecraft.leaves":1,"stat.pickup.harvestcraft.flaxitem":1,"stat.playOneMinute":115325,"stat.pickup.minecraft.lead":1,"stat.sneakTime":2423,"stat.useItem.chisel.concrete_black":1,"stat.damageDealt":30,"stat.timeSinceDeath":115325,"stat.useItem.minecraft.crafting_table":1,"stat.useItem.securitycraft.camera_monitor":2,"stat.useItem.minecraft.spawn_egg":8,"stat.craftItem.minecraft.wooden_pickaxe":1,"stat.useItem.minecraft.wooden_slab":1,"stat.mineBlock.minecraft.tallgrass":1,"stat.diveOneCm":3107,"stat.pickup.minecraft.wheat":4}