{"stat.chestOpened":16,"stat.pickup.minecraft.double_plant":2,"stat.walkOneCm":52872,"stat.pickup.minecraft.golden_apple":65,"stat.pickup.minecraft.sign":1,"stat.leaveGame":2,"stat.mineBlock.minecraft.yellow_flower":1,"stat.mineBlock.minecraft.double_plant":2,"stat.useItem.harvestcraft.broccoliseeditem":13,"stat.useItem.minecraft.golden_hoe":686,"stat.useItem.harvestcraft.cauliflowerseeditem":20,"stat.useItem.harvestcraft.chilipepperseeditem":8,"stat.useItem.harvestcraft.cranberryseeditem":20,"stat.jump":701,"stat.swimOneCm":3679,"stat.mineBlock.harvestcraft.pamlychee":2,"stat.fallOneCm":20094,"stat.pickup.harvestcraft.blackberryseeditem":1,"stat.mineBlock.harvestcraft.windygarden":1,"stat.pickup.harvestcraft.aridgarden":1,"stat.crouchOneCm":4087,"stat.pickup.fairylights.hanging_lights":1,"stat.useItem.harvestcraft.riceseeditem":9,"stat.pickup.minecraft.sapling":1,"stat.sprintOneCm":75643,"stat.useItem.minecraft.stone_slab2":1588,"stat.useItem.minecraft.water_bucket":75,"stat.pickup.harvestcraft.windygarden":1,"stat.pickup.minecraft.sand":1,"stat.useItem.fairylights.hanging_lights":1,"stat.mineBlock.harvestcraft.aridgarden":1,"stat.damageTaken":410,"stat.mineBlock.minecraft.red_flower":3,"stat.mobKills":1,"stat.useItem.harvestcraft.eggplantseeditem":13,"stat.pickup.harvestcraft.papayaitem":2,"stat.useItem.minecraft.golden_apple":8,"stat.flyOneCm":690186,"stat.pickup.harvestcraft.grapeitem":1,"stat.pickup.minecraft.wheat_seeds":2,"stat.mineBlock.minecraft.leaves":4,"stat.mineBlock.minecraft.sand":1,"stat.useItem.harvestcraft.papayaitem":2,"stat.playOneMinute":199487,"stat.useItem.harvestcraft.grapeseeditem":20,"stat.pickup.minecraft.red_flower":4,"stat.sneakTime":3318,"stat.damageDealt":20,"stat.timeSinceDeath":199487,"stat.mineBlock.harvestcraft.pampapaya":1,"stat.pickup.minecraft.yellow_flower":1,"stat.mineBlock.minecraft.dirt":3,"stat.useItem.minecraft.sign":29,"stat.useItem.harvestcraft.kiwiseeditem":31,"stat.mineBlock.minecraft.tallgrass":1,"stat.useItem.harvestcraft.peasseeditem":5,"stat.diveOneCm":3921,"stat.pickup.minecraft.wheat":1}